"star_number","S_NAME","Distance","equivalent temperature","Relative Mass","STAR RADIUS","Relative Luminosity","Stellar Class"
7696,"Achird",131,2702,0.3,0.63,0.01,"M-1-V"
7893,"Horus' Gaze",261.253,3048,0.3,0.59,0.01,"M-2-V"
7541,"Scheat",191.048,2557,0.4,0.45,0.07,"M-3-V"
152,"Obelisk Beacon",155.9843,5498,0.9,1.06,0.74,"G-2-V"
6149,"Marfik",12.62,2762,0.2,0.29,0.01,"M-6-V"
4629,"Alpherg",120.311,2951,0.4,0.63,0.06,"M-5-V"
8660,"Caelus Cipher",1334.76,4126,0.6,0.76,0.54,"K-2-V"
3300,"Astrum Quasar",153,2551,0.3,0.64,0.02,"M-4-V"
1614,"Aladfar",281.326,3339,0.2,0.06,0.05,"M-2-V"
8873,"Albaldah",16.63,4566,0.7,0.89,0.36,"K-0-V"
990,"Cujam",76.32,3702,0.7,0.88,0.21,"K-4-V"
7245,"Mpingo",187,2571,0.1,0.5,0,"M-5-V"
6408,"Ephemeral Phoenix",947.149,3754,0.8,0.85,0.09,"K-5-V"
8093,"Nikawiy",139.484,2818,0.3,0.33,0.06,"M-3-V"
3452,"Phantasma",1057.98,2506,0.2,0.11,0.04,"M-0-V"
6280,"Nebulous Silence",208.38,3824,0.5,0.94,0.4,"K-7-V"
2445,"Lesath",781.83,5293,0.9,1.02,1.5,"G-5-V"
8778,"Tapecue",496,2495,0.4,0.45,0.02,"M-5-V"
6313,"Luminous Ember",3500,2543,0.3,0.44,0.02,"M-7-V"
4280,"Cosmara",484.3,2975,0.4,0.66,0.05,"M-4-V"
7096,"Iklil",420,5476,0.8,0.99,1.01,"G-2-V"
1706,"Nebulium",395.58,5641,0.9,1.03,0.84,"G-4-V"
6703,"Almaaz",57.24,2557,0.4,0.57,0.02,"M-0-V"
3923,"Hikari Gaze",94,2496,0.4,0.24,0.07,"M-6-V"
4314,"Dabih",357,2415,0.3,0.54,0.05,"M-8-V"
4450,"Exoplanix",359.31,4523,0.5,0.77,0.46,"K-3-V"
3017,"Umbra Veil",3130,3065,0.4,0.37,0.04,"M-3-V"
2603,"Alchiba",852.006,5234,0.8,0.99,0.65,"G-2-V"
1271,"Montuno",59,2504,0.4,0.22,0.01,"M-3-V"
4712,"Ryusei Radiance",858.23,2860,0.2,0.38,0.02,"M-1-V"
9625,"Etherios",285.61,3097,0.3,0.6,0.07,"M-4-V"
3945,"Cosmoflare",1265.5,4229,0.6,0.9,0.21,"K-2-V"
8550,"Naledi",232.1,3210,0.4,0.51,0.05,"M-1-V"
7373,"Dschubba",587.59,2846,0.1,0.37,0.06,"M-2-V"
3437,"Beemim",470,4018,0.8,0.78,0.14,"K-6-V"
3523,"Luminous Nexus",496.8,3791,0.7,0.89,0.31,"K-2-V"
7811,"Ma'at's Silence",119.54,3241,0.2,0.12,0.05,"M-3-V"
2148,"Brimwarden",409.602,2596,0.3,0.42,0.02,"M-4-V"
2519,"Rasalgethi",676.32,2467,0.2,0.52,0.07,"M-2-V"
5024,"Yūgen Shadows",343.23,4040,0.6,0.79,0.4,"K-3-V"
7492,"Sadalbari",267.74,3753,0.8,0.81,0.17,"K-2-V"
7681,"Petra",186.88,3843,0.8,0.76,0.25,"K-7-V"
8961,"Tianguan",42,2782,0.3,0.69,0.02,"M-2-V"
4641,"Poerava",55.1,2440,0.2,0.13,0.06,"M-8-V"
6270,"Sumi Cascade",41.9176,2777,0.4,0.52,0.04,"M-5-V"
1702,"Geisha's Echo",177.08,4164,0.5,0.82,0.11,"K-4-V"
4419,"Shizuku Seraph",1062.81,2778,0.3,0.68,0,"M-1-V"
8743,"Quasarionix",279.58,2814,0.2,0.57,0.06,"M-5-V"
7035,"Ronin's Horizon",494.818,2898,0.3,0.39,0.01,"M-3-V"
1074,"Kaus Borealis",87.4,2609,0.1,0.07,0.02,"M-0-V"
9451,"Tamashī Labyrinth",366.2,2734,0.4,0.33,0.03,"M-6-V"
5027,"Phoenicia",172.98,2593,0.1,0.09,0,"M-0-V"
401,"Dracoara",7.61778,4839,0.5,0.94,0.18,"K-0-V"
8271,"Inari's Cascade",854.42,2773,0.4,0.05,0.04,"M-5-V"
4341,"Quantumith",758.7,3923,0.6,0.92,0.1,"K-6-V"
6361,"Chechia",90,3777,0.5,0.85,0.46,"K-2-V"
1534,"Cryptic Shadows",841,2617,0.4,0.61,0.07,"M-3-V"
9850,"Alsephina",720,2408,0.4,0.26,0.02,"M-8-V"
6065,"Quasarion",272.3,3449,0.3,0.5,0.07,"M-0-V"
6955,"Komorebi",20.43,3981,0.7,0.7,0.44,"K-5-V"
5845,"Cosmic Gaze",758.438,2525,0.1,0.25,0.08,"M-2-V"
8945,"Bonsai Silence",530,3794,0.7,0.73,0.43,"K-7-V"
4510,"Nova Prism",1790.83,3737,0.7,0.82,0.12,"K-7-V"
16,"Cosmic Whispers",272,2660,0.1,0.03,0,"M-3-V"
2319,"Cosmaronix",981,2906,0.2,0.01,0.07,"M-2-V"
9721,"Ain",553.128,2698,0.1,0.55,0.06,"M-2-V"
7343,"Alrescha",55.2,4751,0.5,0.7,0.3,"K-1-V"
9183,"Vermilion Expanse",229,2720,0.2,0.08,0.08,"M-3-V"
6656,"Kang",927,2646,0.3,0.51,0.03,"M-5-V"
1420,"Stellarastra",473.687,2732,0.4,0.42,0.02,"M-4-V"
2228,"Amadioha",54.3258,2759,0.1,0.26,0.06,"M-3-V"
8067,"Olympian Flux",45.9,2406,0.2,0.02,0.02,"M-7-V"
7413,"Sakura's Silence",925.754,2734,0.3,0.04,0.02,"M-5-V"
9312,"Libertas",336.1,2984,0.3,0.23,0.02,"M-1-V"
3602,"Inquill",1032.1,2628,0.1,0.65,0.02,"M-5-V"
3897,"Fawaris",255.3,3732,0.7,0.92,0.32,"K-5-V"
968,"Nocturne Echo",44.58,3316,0.2,0.48,0.06,"M-1-V"
7715,"Kiseki Expanse",99,2801,0.4,0.4,0.02,"M-2-V"
3063,"Cerulean Cryptic",964.506,2787,0.2,0.03,0.04,"M-3-V"
6289,"Eldritch Veil",241.74,4148,0.5,0.83,0.57,"K-5-V"
2539,"Umi Celestial",118.11,2477,0.3,0.52,0.08,"M-7-V"
1856,"Kōkei Labyrinth",101.95,4033,0.5,0.85,0.3,"K-5-V"
6211,"Kagayaki",52.5697,3983,0.8,0.78,0.33,"K-6-V"
4087,"Zavijava",331.08,5521,0.8,1.04,1.34,"G-4-V"
2144,"Mirfak",595.8,3011,0.3,0.25,0.05,"M-1-V"
9683,"Azmidi",990.838,2744,0.3,0.4,0.08,"M-2-V"
3512,"Nefertiti's Nebula",911.328,3647,0.3,0.52,0.03,"M-0-V"
7410,"Wasat",927.558,4689,0.6,0.93,0.53,"K-2-V"
9963,"Sekhmet's Ember",328.007,2792,0.2,0.61,0.02,"M-3-V"
7974,"Samurai's Veil",1518.14,5550,0.8,1.07,0.74,"G-4-V"
4316,"Symbionix",281.231,2807,0.1,0.43,0.03,"M-5-V"
9570,"Kamuy",651.783,2983,0.1,0.67,0.07,"M-3-V"
9273,"Hannya Cosmos",91.722,2822,0.3,0.33,0.03,"M-2-V"
959,"Inazuma",485,2978,0.3,0.46,0.05,"M-4-V"
2580,"Starlight Whisper",746.603,3900,0.5,0.91,0.48,"K-7-V"
4705,"Gacrux",6600,5482,0.9,0.98,0.79,"G-4-V"
5804,"Tesserion",463,3141,0.3,0.43,0.01,"M-1-V"
9453,"Shama",718.752,2934,0.4,0.33,0.02,"M-3-V"
8742,"Alhena",530.786,5530,1,1.12,0.89,"G-4-V"
2453,"Tupã",403.99,2508,0.2,0.04,0.04,"M-7-V"
8274,"Misam",26.5,3789,0.6,0.96,0.44,"K-7-V"
3071,"Kurai Veil",1157.54,2491,0.3,0.02,0.07,"M-8-V"
6902,"Sadr",936.944,2718,0.4,0.6,0.04,"M-6-V"
9937,"Kasai Ember",1281.72,2454,0.1,0.62,0.07,"M-6-V"
6884,"Eternal Murmurs",64.5728,2659,0.1,0.66,0.05,"M-7-V"
1791,"Megrez",584,3825,0.7,0.93,0.17,"K-5-V"
1543,"Orion's Gaze",52.8,2781,0.1,0.43,0.02,"M-5-V"
2494,"Nusakan",149.57,2591,0.2,0.29,0.07,"M-4-V"
1779,"Almach",611.041,3194,0.3,0.43,0.06,"M-3-V"
4440,"Minchir",943.841,4123,0.5,0.93,0.25,"K-2-V"
4882,"Clandestine Nebula",110.91,2595,0.4,0.67,0.01,"M-7-V"
1680,"Canopus",768.167,2812,0.1,0.57,0.05,"M-6-V"
8372,"Botein",1030.81,2641,0.1,0.39,0,"M-4-V"
195,"Zosma",44.3,2537,0.3,0.66,0,"M-5-V"
8029,"Nyxian Whispers",340,2602,0.2,0.51,0.05,"M-0-V"
5746,"Anubis' Echo",291.9,3137,0.2,0.51,0.06,"M-3-V"
7500,"Stoneshaper",965.437,5287,0.9,1.03,1.48,"G-5-V"
4205,"Astraflame",3460,5233,1,1.02,0.61,"G-2-V"
9633,"Rigel",809.897,5243,0.8,0.99,0.97,"G-5-V"
4760,"Radiancea",322.643,2845,0.4,0.29,0.03,"M-4-V"
5421,"Aldebaran",249.56,3300,0.1,0.66,0.05,"M-2-V"
1757,"Lionrock",912.659,2810,0.4,0.18,0.02,"M-0-V"
5747,"Nebula Whisper",27.5024,3743,0.6,0.76,0.26,"K-7-V"
2618,"Ignitionix",185.55,2408,0.1,0.57,0,"M-2-V"
7687,"Fuyue",851.595,2620,0.4,0.33,0.08,"M-4-V"
5580,"Fumalsamakah",567.891,5639,0.9,0.98,1.25,"G-2-V"
4771,"Chalawan",824.81,2619,0.2,0.12,0,"M-3-V"
5778,"Astral Mirage",400.8,3818,0.5,0.94,0.1,"K-6-V"
2654,"Comet Veil",804.74,3139,0.4,0.52,0,"M-1-V"
5425,"Kūkan Cascade",565.036,3896,0.6,0.84,0.4,"K-5-V"
3390,"Baekdu",1252.13,2537,0.3,0.68,0.07,"M-2-V"
3550,"Markab",140.01,5558,1,1.01,1,"G-2-V"
7999,"Arneb",820.951,4451,0.8,0.82,0.12,"K-2-V"
7573,"Ronin's Enigma",114,5218,0.8,0.98,1.03,"G-5-V"
255,"Acrab",706.464,2917,0.4,0.01,0.06,"M-4-V"
4891,"Riftwanderer",324.22,5284,1,1.13,1.41,"G-4-V"
1746,"Tania Australis",1130.55,3074,0.2,0.47,0.06,"M-3-V"
4619,"Albireo",290.495,3917,0.6,0.78,0.44,"K-3-V"
5059,"Drakonir",1194.17,5260,1,1.01,0.88,"G-2-V"
541,"Anubis Serenity",809.5,3812,0.7,0.84,0.48,"K-3-V"
6603,"Asterion Enigma",398.137,2451,0.4,0.19,0.04,"M-3-V"
6974,"Arcalís",414.4,2433,0.3,0.53,0.02,"M-8-V"
828,"Gienah",58.84,4091,0.5,0.81,0.3,"K-1-V"
3972,"Funi",16.93,2555,0.4,0.52,0.07,"M-5-V"
9447,"Ogma",1717.92,2681,0.2,0.11,0.04,"M-0-V"
4139,"Sheliak",37.89,3027,0.1,0.23,0.07,"M-3-V"
2906,"Suhail",36.97,3116,0.4,0.47,0.01,"M-1-V"
273,"Aljanah",260.879,3004,0.3,0.49,0.08,"M-4-V"
1338,"Mahsati",37.99,5746,0.9,1.01,1.42,"G-2-V"
1226,"Citalá",28.93,2687,0.2,0.24,0.05,"M-4-V"
4869,"Aldulfin",7100,4414,0.6,0.72,0.54,"K-3-V"
192,"Astral Whisper",504.93,3115,0.2,0.33,0.07,"M-2-V"
1619,"Stellar Whisper",1004.82,3119,0.2,0.57,0.07,"M-3-V"
7128,"Pincoya",147.2,2776,0.1,0.26,0.05,"M-3-V"
2272,"Nashira",1510,2464,0.1,0.58,0,"M-2-V"
6494,"Edasich",577.768,2859,0.2,0.27,0.07,"M-5-V"
5377,"Infinite Iris",41.1,2574,0.4,0.26,0.01,"M-2-V"
8232,"Whispering Cosmos",285.162,3378,0.4,0.34,0.08,"M-2-V"
770,"Gomeisa",11.94,4034,0.6,0.77,0.42,"K-5-V"
7985,"Asterion Abyss",283.53,2578,0.4,0.62,0.01,"M-0-V"
5663,"Taygeta",1607.46,3397,0.4,0.68,0.02,"M-0-V"
4727,"Hassaleh",705.667,4304,0.6,0.76,0.11,"K-3-V"
9830,"Riftwarder",1010.82,2926,0.2,0.54,0.02,"M-5-V"
1272,"Eclipsix",184.8,4355,0.7,0.84,0.16,"K-2-V"
7425,"Cosmaraud",40.14,5345,0.9,1.03,1.13,"G-5-V"
7337,"Taiyi",14.96,3728,0.6,0.83,0.26,"K-2-V"
9697,"Hanami Echo",515.491,2671,0.3,0.03,0.07,"M-0-V"
1583,"Mimosa",803.7,4129,0.5,0.83,0.24,"K-5-V"
9738,"Kaminari Enigma",889.64,4228,0.6,0.85,0.22,"K-2-V"
8771,"Cassionix",1511.13,4593,0.5,0.92,0.23,"K-3-V"
9056,"Furud",54.2,5663,0.9,1.02,1.14,"G-2-V"
4201,"Zenithrax",3.6389,2596,0.4,0,0,"M-6-V"
6236,"Hatysa",51.9503,5627,0.9,1.11,1,"G-4-V"
685,"Zubeneschamali",437,5533,0.9,1.06,1.4,"G-4-V"
3750,"Samurai's Ember",205.7,2529,0.3,0.42,0.07,"M-7-V"
2062,"Kasumi",1491.87,3050,0.2,0.52,0.05,"M-3-V"
1890,"Algol",82.2,2708,0.2,0.69,0.07,"M-5-V"
6392,"Rosaliadecastro",79.067,2709,0.2,0.09,0.07,"M-2-V"
7328,"Aldhibah",956.755,2826,0.1,0.64,0.06,"M-4-V"
6579,"Asterope",338,3256,0.1,0.5,0.02,"M-2-V"
943,"Eltanin",734.49,2543,0.1,0.6,0.02,"M-8-V"
1999,"Ninja's Radiance",394,3129,0.4,0.43,0.02,"M-3-V"
1836,"Sharjah",894.5,2639,0.4,0.52,0.05,"M-2-V"
3349,"Cocibolca",635.122,2925,0.3,0.12,0.04,"M-5-V"
3443,"Skat",138,2858,0.3,0.04,0.06,"M-1-V"
1848,"Photara",344,2849,0.4,0.03,0.01,"M-3-V"
5321,"Baten Kaitos",46.35,3261,0.2,0.34,0.01,"M-3-V"
3916,"Kochab",245,3543,0.4,0.51,0.08,"M-0-V"
5701,"Alphard",613.20279,3846,0.5,0.91,0.31,"K-0-V"
8126,"Helionyx",21.11,3070,0.3,0.19,0.04,"M-3-V"
1143,"Arcanix",154.56,3222,0.1,0.18,0.08,"M-1-V"
9514,"Yoru Ascendance",807.28,3027,0.3,0.17,0.01,"M-3-V"
4111,"Phantasmal Abyss",352.5,5616,0.9,1.01,1.14,"G-2-V"
8404,"Meleph",65.06,5237,0.9,1.04,1.48,"G-2-V"
8974,"Alshain",313.7,2419,0.2,0.5,0.02,"M-3-V"
899,"Toliman",1053.52,2607,0.1,0.07,0.04,"M-4-V"
2983,"Olympus Anomaly",5650,2913,0.1,0.08,0.06,"M-1-V"
8213,"Ra's Echo",9.49,2422,0.3,0.13,0,"M-5-V"
5623,"Nocturnal Labyrinth",927.61,3928,0.5,0.85,0.39,"K-5-V"
3332,"Yugen",1013.79,2654,0.1,0.57,0.01,"M-2-V"
684,"Pharaoh's Veil",31.03,2520,0.3,0.63,0.03,"M-8-V"
1854,"Malmok",500.395,2787,0.1,0.18,0.05,"M-5-V"
1185,"Galaxix",855.82,2443,0.3,0.04,0.07,"M-5-V"
6022,"Lilii Borea",474.654,4321,0.6,0.87,0.52,"K-5-V"
9606,"Alioth",174.219,3766,0.7,0.81,0.52,"K-5-V"
9051,"Mazaalai",99.9,2459,0.2,0.69,0.04,"M-1-V"
2333,"Akatsuki Celestial",296.6,2626,0.2,0.02,0.02,"M-7-V"
2500,"Ceibo",438.5,2573,0.4,0.16,0.07,"M-4-V"
9804,"Nahn",1401.35,5307,1,0.98,1.34,"G-4-V"
1889,"Cacophonic Murmurs",114.2,5379,1,1.09,1.35,"G-3-V"
3147,"Kalausi",24.7399,2484,0.2,0.21,0.07,"M-5-V"
8369,"Penumbrion",278,2839,0.2,0.01,0.08,"M-5-V"
8091,"Cosmic Enigma",179.2,2482,0.3,0.07,0.04,"M-4-V"
6256,"Obelisk Whisper",7120,5230,0.9,1.13,1.35,"G-3-V"
4436,"Quantumara",65.72,2772,0.1,0.35,0.04,"M-1-V"
676,"Arcanara",18.16,5390,0.8,1,0.93,"G-4-V"
4233,"Tsukiyo",873.82,5434,1,0.98,1.11,"G-4-V"
6659,"Nihal",1557.39,3143,0.2,0.59,0.04,"M-0-V"
2461,"Quantronix",50.2,3186,0.4,0.39,0.03,"M-3-V"
7519,"Meridiana",1801.48,2491,0.2,0.65,0.03,"M-2-V"
171,"Yildun",590.268,2511,0.4,0.37,0.03,"M-8-V"
4715,"Stellarnova",155.65,2926,0.4,0.57,0.02,"M-1-V"
5331,"Quasarionyx",5.079,2772,0.3,0.35,0.03,"M-5-V"
1733,"Fafnir",294.6,5646,1,1.12,0.93,"G-2-V"
5371,"Amatsu Echo",765,4013,0.5,0.75,0.08,"K-2-V"
7700,"Elgafar",98.0152,3390,0.3,0.54,0.05,"M-2-V"
3914,"Ukiyo Reverie",56.5,2849,0.2,0.14,0.06,"M-5-V"
8039,"Lurking Cosmos",98.4,4393,0.7,0.95,0.57,"K-2-V"
3971,"Acrux",6620,5594,1,0.97,1.04,"G-4-V"
6294,"Icarian Cipher",356.41,2584,0.1,0.32,0.01,"M-2-V"
7445,"Uruk",425.369,3723,0.6,0.79,0.59,"K-6-V"
1116,"Kōri",50.55,2569,0.2,0.37,0.02,"M-2-V"
5227,"Vega",29.69,2905,0.2,0.59,0.03,"M-1-V"
3440,"Bubup",175.113,4182,0.7,0.71,0.36,"K-3-V"
2354,"Nebula Mirage",1559.58,2929,0.3,0.04,0.06,"M-4-V"
6983,"Kitalpha",854.31,2424,0.3,0.01,0.05,"M-8-V"
3269,"Acubens",18.27,2420,0.4,0.21,0.04,"M-2-V"
1095,"Aludra",1804.36,2731,0.1,0.26,0.05,"M-2-V"
9118,"Sualocin",320.935,2408,0.3,0.07,0.04,"M-8-V"
5880,"Sargas",33.4,4279,0.7,0.9,0.25,"K-1-V"
7839,"Fjellstone",57.3063,5426,1,0.98,1.1,"G-2-V"
2289,"Nebulae Cipher",406,3984,0.6,0.71,0.11,"K-5-V"
2087,"Stormrider",597.979,5275,0.9,1.03,1.26,"G-5-V"
4927,"Shogun's Echo",88.9,2793,0.1,0.37,0.01,"M-3-V"
3574,"Cosmaraith",335.616,3120,0.4,0.32,0.01,"M-2-V"
3597,"Nebulonara",20.18,2757,0.3,0.55,0.03,"M-2-V"
9739,"Celestros",47.9382,4735,0.5,0.75,0.19,"K-1-V"
6338,"Achernar",506,4061,0.6,0.75,0.5,"K-2-V"
8389,"Sika",59.5,3259,0.1,0.53,0.06,"M-2-V"
5044,"Bastet's Horizon",7210,2470,0.4,0.51,0.05,"M-3-V"
6731,"Arcturus",150.124,2812,0.3,0.06,0.04,"M-5-V"
3797,"Muphrid",30.3288,2592,0.3,0.65,0.02,"M-3-V"
7621,"Nekkar",386.07,2812,0.1,0.02,0.04,"M-2-V"
4281,"Aegis Obscura",420.362,4127,0.5,0.75,0.27,"K-2-V"
4026,"Haruka",1287.1,2925,0.2,0.15,0.07,"M-5-V"
9000,"Siriusnova",39.7429,2585,0.1,0.52,0.08,"M-7-V"
7677,"Piautos",89.1,2620,0.2,0.19,0.05,"M-2-V"
4066,"Shogun's Loom",51.4359,2457,0.1,0.54,0.02,"M-8-V"
8250,"Starshard",5630,2880,0.2,0.54,0.01,"M-4-V"
8376,"Bonsai Celestial",47,2826,0.4,0.33,0.06,"M-5-V"
1071,"Elysian Nebula",692.425,2562,0.3,0.36,0.04,"M-5-V"
5753,"Umbral Depths",380.6,3120,0.4,0.01,0.03,"M-1-V"
6403,"Mirzam",45.5,3109,0.4,0.33,0.02,"M-2-V"
5406,"Seginus",61.7957,5365,0.9,1.13,1.43,"G-2-V"
9474,"Franz",49.4,2773,0.4,0.35,0.07,"M-1-V"
3189,"Zypheria",774.653,2643,0.2,0.01,0.04,"M-5-V"
1279,"Ayame Cascade",656.642,2531,0.2,0.05,0.01,"M-1-V"
4780,"Angetenar",4100,2606,0.4,0.3,0.06,"M-6-V"
8761,"Solaris",3630,5578,0.9,1.04,0.8,"G-3-V"
2158,"Liesma",61.543,3962,0.6,0.74,0.38,"K-5-V"
5581,"Ruchbah",461.382,4612,0.6,0.72,0.34,"K-2-V"
2047,"Alterf",1179.52,2561,0.3,0.5,0.07,"M-6-V"
5232,"Astral Echo",149.6,3058,0.3,0.41,0.01,"M-4-V"
9371,"Pulsar Seraph",603.464,3083,0.3,0.12,0.07,"M-0-V"
530,"Sorairo Mirage",994.93,2577,0.4,0.56,0.03,"M-1-V"
6714,"Vortexarian",6.21,3174,0.3,0.1,0.07,"M-2-V"
9867,"Arkab Prior",17.17,2654,0.3,0.16,0.07,"M-4-V"
9038,"Sham",5690,4235,0.6,0.94,0.43,"K-2-V"
1655,"Titanium Quasar",1286.01,2408,0.3,0.01,0,"M-0-V"
6419,"Sabik",250.199,3138,0.3,0.23,0.04,"M-0-V"
2626,"Zaniah",83.8,2631,0.4,0.11,0.02,"M-2-V"
6582,"Sulafat",1380.83,3037,0.4,0.47,0.03,"M-4-V"
4290,"Alsafi",111.98,4048,0.8,0.95,0.45,"K-0-V"
8408,"Cervantes",6480,2580,0.4,0.39,0.07,"M-6-V"
4606,"Sansuna",1104.52,2614,0.2,0.41,0.06,"M-2-V"
4546,"Dracothra",1693.86,4635,0.5,0.92,0.15,"K-3-V"
1460,"Alnair",672.47,3902,0.5,0.7,0.29,"K-7-V"
9477,"Penumbralix",742.16,3799,0.8,0.76,0.34,"K-7-V"
1661,"Ankh Seraph",25.17,2832,0.2,0.2,0.01,"M-2-V"
7514,"Sakura Seraph",456.122,2733,0.3,0.34,0.04,"M-5-V"
2634,"Cosmogon Enigma",4.55,2507,0.1,0.07,0.02,"M-8-V"
8097,"Runeblade",310.01,2646,0.3,0.41,0.04,"M-2-V"
9767,"Ronin's Cascade",938.703,3611,0.2,0.51,0.07,"M-0-V"
5465,"Chamukuy",415.135,2617,0.1,0.46,0.07,"M-7-V"
3475,"Dracozen",6300,3119,0.3,0.18,0.04,"M-2-V"
2236,"Tōku Echoes",865.726,2471,0.1,0.67,0.01,"M-2-V"
783,"Násti",499.027,3074,0.3,0.55,0.08,"M-2-V"
648,"Cosmic Cascade",970.497,5477,1,1.06,1.09,"G-2-V"
4291,"Sadachbia",875.35,2854,0.4,0.13,0.07,"M-5-V"
858,"Ebon Labyrinth",963.58,2544,0.4,0.24,0.02,"M-2-V"
4540,"Osiris Cascade",482.52,2431,0.1,0.27,0.05,"M-1-V"
9109,"Cursa",1284.52,2637,0.4,0.23,0.04,"M-2-V"
3394,"Vorpal Abyss",826.788,2760,0.1,0.52,0.04,"M-2-V"
4873,"Fomalhaut",114.07,3760,0.8,0.94,0.52,"K-1-V"
9652,"Abyssal Echoes",250.489,2467,0.4,0.15,0.02,"M-5-V"
7924,"Hathor's Labyrinth",353.38,4451,0.5,0.9,0.18,"K-0-V"
1448,"Segin",266.23,2523,0.2,0.56,0.05,"M-7-V"
6637,"Galactic Prism",64.4,2905,0.4,0.6,0,"M-3-V"
7037,"Ankh Horizon",6800,2505,0.4,0.62,0.01,"M-3-V"
2679,"Mystic Expanse",1353.36,2716,0.3,0.07,0.07,"M-3-V"
4523,"Nebula Obscura",345.9,2471,0.2,0,0.07,"M-4-V"
4988,"Obsidian Whispers",46.2,3023,0.3,0.62,0.04,"M-3-V"
7781,"Proxima Centauri",67.61,2540,0.3,0,0.01,"M-5-V"
3496,"Nebulionara",3.2161,4198,0.6,0.89,0.56,"K-0-V"
5447,"Berserkr",28.94,3884,0.7,0.79,0.39,"K-6-V"
1323,"Wyrmslayer",977,3884,0.7,0.92,0.22,"K-2-V"
8800,"Spica",53.05,3729,0.5,0.71,0.19,"K-7-V"
9939,"Stellarastrum",894.534,2988,0.4,0.24,0.03,"M-2-V"
5344,"Crimson Void",448.712,2738,0.2,0.11,0.03,"M-3-V"
9106,"Scarabian Horizon",60.8,2957,0.3,0.16,0.05,"M-4-V"
595,"Photonara",717.206,2545,0.1,0.56,0.07,"M-3-V"
177,"Merak",1509.084,2435,0.1,0.52,0.01,"M-1-V"
2572,"Paikauhale",463.06,2439,0.2,0.09,0.06,"M-3-V"
2344,"Elysiumix",45.93,5403,1,1.05,1.25,"G-2-V"
7448,"Celestial Ember",373.675,2549,0.3,0.2,0.05,"M-6-V"
1379,"Uchū",1074.95,2501,0.1,0.65,0.07,"M-2-V"
8379,"Electra",78,2506,0.3,0.25,0.07,"M-8-V"
7610,"Lunaris",423.513,3933,0.5,0.88,0.23,"K-5-V"
6106,"Celaeno",1513.02,4345,0.7,0.9,0.2,"K-2-V"
5480,"Natasha",671.592,2789,0.3,0.63,0.04,"M-5-V"
6962,"Helvetios",687.973,4557,0.7,0.94,0.23,"K-2-V"
2616,"Albali",206.334,2879,0.2,0.28,0.07,"M-5-V"
1207,"Tonatiuh",98,5297,0.9,0.97,0.64,"G-4-V"
2147,"Flegetonte",75.4,5541,0.9,1,1.24,"G-2-V"
7031,"Barnard's Star",5700,5028,0.5,0.76,0.5,"K-0-V"
3156,"Tangra",440.5,3910,0.7,0.86,0.56,"K-6-V"
9882,"Tojil",22.2,2686,0.3,0.26,0.08,"M-1-V"
7487,"Geisha's Whisper",500,5705,0.9,1.09,0.6,"G-2-V"
7345,"Astroflux",19.9,5374,1,1.13,1.19,"G-4-V"
7094,"Hannya's Expanse",468.1,5648,0.9,1.02,0.9,"G-2-V"
6191,"Kaffaljidhma",1401.74,4040,0.7,0.8,0.37,"K-2-V"
2687,"Ginan",1252.98,3291,0.4,0.29,0.08,"M-1-V"
2460,"Uklun",182.207,2459,0.4,0.09,0.03,"M-0-V"
6784,"Hoshizora Seraph",25.9,3194,0.1,0.41,0.02,"M-1-V"
4841,"Secunda Hyadum",683.062,4378,0.7,0.94,0.31,"K-3-V"
4135,"Luminastra",1092.31,4010,0.6,0.85,0.29,"K-2-V"
3036,"Celestial Mirage",108.883,4069,0.7,0.89,0.23,"K-5-V"
2772,"Ma'at's Celestial",481,4445,0.6,0.79,0.5,"K-3-V"
7159,"Kamikaze Ascendance",11.2183,2690,0.4,0.11,0.08,"M-2-V"
692,"Sylvarix",393.825,3072,0.4,0.17,0.07,"M-3-V"
727,"Dziban",816.727,2577,0.3,0.3,0.06,"M-1-V"
1998,"Lunacraze",19.8,2822,0.2,0.63,0.01,"M-5-V"
3617,"Alcor",840.336,2779,0.1,0.5,0.07,"M-1-V"
561,"Pharaoh's Silence",121.36,2719,0.3,0.26,0.03,"M-1-V"
2428,"Lunar Mirage",205.387,2858,0.4,0.49,0.03,"M-4-V"
4859,"Lunacara",443,2520,0.1,0.07,0.02,"M-4-V"
28,"Vortexith",65.19,3422,0.4,0.31,0.03,"M-0-V"
7644,"Etherion",836.13,2652,0.2,0.12,0.04,"M-5-V"
124,"Frostbinder",234,4288,0.7,0.93,0.32,"K-5-V"
6841,"Zenithariana",360,4119,0.6,0.85,0.5,"K-3-V"
4827,"Lunarianth",23.62,3988,0.5,0.79,0.27,"K-7-V"
4064,"Tegmine",650.34,3045,0.2,0.48,0.08,"M-3-V"
7916,"Lich",148.49,2666,0.3,0.12,0.06,"M-4-V"
4590,"Hunahpú",88.6,3082,0.4,0.1,0.04,"M-3-V"
9754,"Gakyid",16.5,2797,0.2,0.56,0.07,"M-2-V"
3049,"Solarion",52.6,2652,0.4,0.17,0.08,"M-7-V"
2275,"Lunar Quasar",4200,2644,0.4,0.59,0.02,"M-2-V"
3603,"Snowstrider",6470,2737,0.1,0.12,0.01,"M-2-V"
2995,"Aetherionyx",461.82,2534,0.3,0.4,0.06,"M-1-V"
9707,"Xamidimura",122.76,2456,0.2,0.17,0.03,"M-7-V"
6863,"Nefertiti's Beacon",1321.35,2453,0.3,0.33,0.01,"M-6-V"
8688,"Bibhā",64.7178,2515,0.3,0.37,0.04,"M-3-V"
2801,"Tureis",34.69,2927,0.4,0.08,0.03,"M-3-V"
2682,"Alkarab",80.85,3004,0.4,0.28,0.04,"M-3-V"
1129,"Quanticus",112.6,5266,0.8,1.14,0.62,"G-5-V"
7880,"Nebulaflux",704.473,2755,0.1,0.2,0.05,"M-2-V"
6761,"Nebulithra",55.0135,2613,0.2,0.05,0.02,"M-3-V"
2562,"Márohu",502.285,3003,0.4,0.16,0.08,"M-3-V"
4492,"Ombraflux",319.632,2416,0.4,0.01,0.01,"M-8-V"
5317,"Abyssal Echo",842.886,2671,0.2,0.54,0.02,"M-4-V"
8917,"Tsuki's Beacon",1425.39,2766,0.4,0.4,0.03,"M-3-V"
9164,"Hunor",910.996,2871,0.1,0.13,0.07,"M-5-V"
4480,"Emiw",17.7,2849,0.3,0.51,0.04,"M-2-V"
8893,"Cosmosol",57.3,3127,0.4,0.44,0.07,"M-2-V"
3774,"Cosmoth",495,2955,0.2,0.31,0.04,"M-1-V"
1772,"Nebularian",385.401,2950,0.2,0.39,0.03,"M-1-V"
7473,"Tania Borealis",399.01,2853,0.3,0.65,0.06,"M-1-V"
3010,"Tislit",202.4,2995,0.4,0.4,0.05,"M-3-V"
9419,"Pipoltr",323.698,3287,0.4,0.58,0.05,"M-1-V"
3481,"Timir",393,4521,0.5,0.75,0.4,"K-3-V"
946,"Imai",1191.19,2738,0.4,0.65,0.03,"M-5-V"
4655,"Scarabian Veil",165,2676,0.3,0.08,0.05,"M-7-V"
6713,"Algedi",15.2,5600,0.8,0.97,0.88,"G-2-V"
4155,"Altair",189.56,4256,0.7,0.81,0.18,"K-5-V"
1942,"Galaxium",320.7,2498,0.2,0.22,0.06,"M-5-V"
4737,"Celestara",1108,3835,0.7,0.76,0.5,"K-6-V"
5691,"Titawin",1034.59,2584,0.2,0.55,0.06,"M-3-V"
4810,"Crimson Enigma",406.985,3879,0.7,0.95,0.51,"K-5-V"
9755,"Nebulonix",113.048,3274,0.2,0.61,0.05,"M-2-V"
3655,"Dingolay",25.7,2609,0.4,0.08,0.04,"M-2-V"
554,"Astrobix",99.5561,4367,0.6,0.72,0.25,"K-2-V"
3915,"Geminga",1501.73,2640,0.2,0.14,0.06,"M-7-V"
8053,"Astrylis",459.664,5627,1,1.05,1.18,"G-4-V"
7957,"Atlas",79.5561,2726,0.2,0.31,0.02,"M-1-V"
3026,"Hotaru Ascendance",112.84,2771,0.3,0.08,0.06,"M-2-V"
5442,"Salm",706.14,2836,0.2,0.46,0.07,"M-2-V"
3,"Quantraflux",80.6,2975,0.2,0.14,0.03,"M-2-V"
601,"Nebula Nexus",445.058,2596,0.4,0.27,0.07,"M-3-V"
2181,"Axólotl",610,5264,1,1.07,1.03,"G-5-V"
8382,"Alzirr",1659.85,2913,0.1,0.6,0.04,"M-2-V"
5152,"Adhara",53.6,4083,0.5,0.78,0.54,"K-5-V"
7526,"Belel",501.229,2485,0.4,0.01,0.02,"M-2-V"
3423,"Mahasim",115.557,4994,0.6,0.83,0.15,"K-0-V"
8594,"Hanabi",1240,2660,0.2,0.6,0.07,"M-1-V"
4197,"Kaus Australis",308,2636,0.2,0.61,0.02,"M-7-V"
9238,"Amaterasu",923.446,3028,0.3,0.41,0,"M-2-V"
8084,"Sora",3.8,2736,0.3,0.08,0.07,"M-3-V"
2757,"Alpheratz",85.3751,3003,0.1,0.16,0.01,"M-3-V"
6442,"Spectral Serenity",467.137,5813,1,1.14,0.91,"G-2-V"
43,"Mago",667.693,2424,0.2,0.29,0.08,"M-1-V"
2916,"Phact",1034.77,3090,0.4,0.02,0.02,"M-4-V"
5047,"Umi Expanse",17.62,5209,0.8,1.1,0.92,"G-2-V"
3206,"Elkurud",41.7,2462,0.3,0.63,0.02,"M-7-V"
121,"Umbral Silence",1292.4906,2706,0.1,0.01,0.04,"M-3-V"
8647,"Pulsarianix",677.599,4050,0.6,0.92,0.44,"K-0-V"
7296,"Talitha",7380,3077,0.3,0.56,0.04,"M-2-V"
9533,"Brimstone",159.98,2915,0.2,0.38,0,"M-2-V"
790,"Titanic Mirage",1307,2671,0.4,0.28,0.03,"M-3-V"
907,"Ignitara",270.117,2561,0.4,0.65,0.05,"M-2-V"
3806,"Cosmic Shadows",443.8,3132,0.3,0.64,0.07,"M-2-V"
1308,"Solaris Cascade",1119.7,4478,0.5,0.9,0.11,"K-3-V"
5579,"Koeia",172.6,3069,0.2,0.4,0.03,"M-2-V"
2487,"Axeheart",339.3627,2586,0.4,0.13,0.03,"M-6-V"
6231,"Unukalhai",480,3379,0.4,0.1,0.05,"M-2-V"
9761,"Beid",857.927,2715,0.2,0.54,0.01,"M-0-V"
4704,"Ukdah",771.43,3883,0.6,0.72,0.45,"K-2-V"
491,"Spectrion",156.264,2721,0.2,0.35,0.06,"M-4-V"
7512,"Nenque",781.8,3205,0.1,0.67,0,"M-2-V"
2742,"Izar",344.045,3937,0.7,0.83,0.24,"K-7-V"
3769,"Ebon Cosmos",947.508,2945,0.4,0.22,0.01,"M-1-V"
4344,"Pipirima",27.07,3031,0.4,0.7,0.01,"M-2-V"
3338,"Yed Posterior",25.92,4648,0.5,0.87,0.44,"K-3-V"
7184,"Mouhoun",6860,4107,0.7,0.77,0.41,"K-2-V"
6639,"Nervia",578.102,3848,0.7,0.89,0.2,"K-7-V"
9479,"Arcanum Flux",35.9,2426,0.4,0.02,0.01,"M-1-V"
6472,"Gloas",47.81,4040,0.7,0.87,0.09,"K-6-V"
6564,"Rigil Kentaurus",681.77,2638,0.1,0.57,0.01,"M-5-V"
1181,"Galaxaraith",302.8,3907,0.8,0.85,0.46,"K-6-V"
8188,"Zhang",62.3804,5510,0.9,1.14,0.78,"G-2-V"
7456,"Regulus",161.2,2973,0.4,0.13,0.06,"M-4-V"
8362,"Galactic Ember",123.92,2561,0.1,0.4,0.05,"M-4-V"
8191,"Frostbeard",324.7,2590,0.3,0.65,0.07,"M-2-V"
9500,"Praecipua",78.93,2776,0.4,0.46,0.07,"M-3-V"
8920,"Peacock",341.9,2538,0.1,0.12,0.06,"M-5-V"
6688,"Lurking Whispers",586.166,5239,0.9,1.09,0.64,"G-2-V"
4854,"Formosa",104.93,3057,0.2,0.08,0.06,"M-1-V"
6418,"Polaris Australis",22.0016,3251,0.3,0.23,0.08,"M-2-V"
6562,"Pyramid Radiance",1363.58,3212,0.4,0.7,0.04,"M-2-V"
6091,"Marsic",334.739,3348,0.3,0.47,0,"M-2-V"
9752,"Fang",900.82,3721,0.5,0.94,0.21,"K-3-V"
9452,"Enso",20.2727,3965,0.7,0.81,0.24,"K-6-V"
9566,"Arcadian Whispers",1314.51,2928,0.2,0.1,0.01,"M-3-V"
1976,"Axefall",2198.41,2550,0.2,0.16,0.06,"M-5-V"
7382,"Thunderpeak",243.23,4329,0.8,0.71,0.14,"K-0-V"
2913,"Yami Silence",621.581,2589,0.1,0.13,0.04,"M-5-V"
7686,"Hoggar",597.122,2541,0.1,0.19,0.06,"M-8-V"
1813,"Alfirk",38.05,2705,0.3,0.3,0.05,"M-5-V"
2375,"Uzumaki Celestial",57.023,2663,0.3,0.45,0.04,"M-2-V"
8059,"Ravenshadow",176.051,5350,0.9,0.97,1.44,"G-5-V"
8047,"Azha",1668.89,3127,0.2,0.05,0.04,"M-2-V"
1513,"Athebyne",495.55,3265,0.3,0.46,0.08,"M-3-V"
8736,"Sekai Ember",14.24,2793,0.2,0.47,0.04,"M-2-V"
5846,"Maasym",1004.99,2670,0.3,0.23,0.08,"M-1-V"
8166,"Tsubasa Echoes",140.087,3941,0.8,0.79,0.16,"K-7-V"
3456,"Nushagak",30.5,4570,0.6,0.96,0.47,"K-2-V"
644,"Thuban",39.7401,5264,0.8,1.1,1.22,"G-2-V"
9211,"Merga",148,2922,0.4,0.51,0.07,"M-2-V"
8216,"Dombay",1462.04,2429,0.1,0.2,0.01,"M-7-V"
2814,"Capella",39.29,2796,0.3,0.43,0.05,"M-2-V"
1802,"Galaxy Seraph",598,5671,1,1.07,0.71,"G-3-V"
6698,"Aetherionis",752.502,2661,0.2,0.5,0.01,"M-3-V"
7104,"Algieba",614.6,4783,0.5,0.72,0.21,"K-2-V"
8466,"Whalebone",15.1,4551,0.7,0.95,0.15,"K-2-V"
2665,"Jabbah",22.93,4640,0.7,0.92,0.43,"K-2-V"
8119,"Aurora Anomaly",800.769,5314,0.9,1.13,1.25,"G-2-V"
3408,"Exoplantra",107.6,2552,0.2,0.37,0.02,"M-5-V"
4321,"Galactrix",394.804,4378,0.7,0.87,0.32,"K-2-V"
6384,"Rastaban",6705,4773,0.6,0.82,0.42,"K-2-V"
4589,"Copernicus",788.83,2583,0.4,0.28,0,"M-2-V"
8357,"Nembus",50.3,2839,0.3,0.41,0.03,"M-5-V"
7401,"Alshat",81.3,2779,0.2,0.07,0.02,"M-3-V"
9560,"Hinotori Whispers",121.63,2412,0.1,0.25,0.03,"M-3-V"
2910,"Alkaid",10.2295,4152,0.7,0.84,0.23,"K-6-V"
7960,"Geisha's Mirage",126.7,2985,0.1,0.04,0.06,"M-1-V"
4400,"Galaxara",650.322,2448,0.4,0.29,0.01,"M-2-V"
1886,"Cryptic Nebula",142.5,2464,0.1,0.14,0.03,"M-2-V"
5160,"Grimclaw",410,2479,0.3,0.34,0.01,"M-5-V"
7207,"Azelfafage",659.81,3031,0.1,0.02,0.01,"M-2-V"
4425,"Obsidian Threshold",64.97,2632,0.4,0.41,0.08,"M-2-V"
9524,"Starglow Spectra",245.56,2987,0.3,0.59,0.04,"M-4-V"
302,"Deneb",972.952,5293,0.9,1.03,0.88,"G-4-V"
7837,"Zibal",1216.22,3213,0.1,0.48,0.05,"M-2-V"
3575,"Polis",643.666,4010,0.7,0.91,0.48,"K-6-V"
2381,"Mira",57.06,2440,0.4,0.6,0.02,"M-7-V"
9977,"Muliphein",219,3083,0.2,0.32,0.01,"M-3-V"
717,"Sakura Mirage",60.8447,5398,0.9,1.13,0.98,"G-3-V"
5498,"Thalassa's Shroud",804.13,3351,0.1,0,0.06,"M-0-V"
9846,"Porrima",362.087,3146,0.4,0.03,0.07,"M-2-V"
5893,"Asahi Horizon",1215.8,5303,0.8,1.09,1.06,"G-4-V"
5541,"Rotanev",5200,2596,0.3,0.13,0.07,"M-2-V"
8692,"Zubenelgenubi",564.1,2917,0.2,0.47,0.02,"M-3-V"
3301,"Tarazed",1178.97,3308,0.4,0.02,0.07,"M-2-V"
569,"Mesarthim",742.78,2657,0.3,0.51,0.07,"M-3-V"
8693,"Lunariara",1239.77,3852,0.6,0.94,0.42,"K-3-V"
9906,"Stormcaller",383.597,3017,0.2,0.4,0.07,"M-3-V"
1855,"Aniara",307.569,2819,0.1,0.49,0.02,"M-6-V"
3727,"Veritate",332.5,2576,0.2,0.61,0.04,"M-3-V"
377,"Kagayaki Celestial",449.351,5402,0.9,1.13,1.37,"G-4-V"
2122,"Hamal",1220.7,2857,0.2,0.16,0.06,"M-5-V"
252,"Solaris Shroud",663.702,2577,0.3,0.03,0.06,"M-1-V"
2568,"Helionis",1031.46,2401,0.2,0.36,0.01,"M-8-V"
4732,"La Superba",371.4,3638,0.3,0.59,0.07,"M-0-V"
2707,"Alsciaukat",8100,2887,0.3,0.27,0.05,"M-3-V"
7780,"Bharani",32.4,2494,0.4,0.36,0.06,"M-2-V"
9116,"Procyon",437.2,5015,0.6,0.89,0.2,"K-0-V"
190,"Ayeyarwady",313.6,3962,0.5,0.86,0.54,"K-6-V"
7028,"Obelisk Shadows",90.3,3931,0.8,0.7,0.27,"K-1-V"
893,"Alderamin",973.33,2852,0.3,0.05,0.05,"M-3-V"
4941,"Nebuloria",628.457,3951,0.8,0.96,0.33,"K-6-V"
807,"Scarab Expanse",1253.29,2905,0.2,0.21,0,"M-2-V"
1782,"Nebulosys",862.887,2614,0.4,0,0.03,"M-2-V"
2862,"Quanticara",327.3,3915,0.5,0.89,0.11,"K-3-V"
175,"Bastet's Silence",1315.6,3886,0.8,0.75,0.17,"K-5-V"
629,"Dubhe",1067.92,2893,0.3,0.18,0.01,"M-3-V"
5870,"Hayabusa Nexus",1864.28,4344,0.6,0.82,0.23,"K-1-V"
971,"Menkalinan",1084.13,2457,0.1,0.62,0.05,"M-5-V"
7134,"Parumleo",21.98,3484,0.3,0.09,0.02,"M-1-V"
8063,"Mikado Serenity",171.6,2498,0.3,0.38,0.08,"M-5-V"
1826,"Torcular",39.6,4142,0.5,0.76,0.6,"K-3-V"
2434,"Yozora Labyrinth",1248.75,3872,0.7,0.9,0.45,"K-6-V"
9962,"Kraz",788.955,3161,0.1,0.48,0.01,"M-3-V"
297,"Tuiren",1052.2,3167,0.1,0.1,0.03,"M-3-V"
8486,"Pulsar Serenity",35.2,4578,0.5,0.75,0.55,"K-3-V"
1646,"Astrolithium",249,2462,0.2,0.55,0.02,"M-8-V"
7236,"Tenshi Echoes",212.48,2668,0.1,0.54,0.07,"M-2-V"
2267,"Kaze Celestial",664.24,5516,0.9,0.98,0.87,"G-5-V"
5794,"Samurai's Mirage",82.4251,2834,0.1,0.15,0.04,"M-2-V"
7944,"Anser",248.11,4043,0.5,0.84,0.2,"K-6-V"
4098,"Starlight Haven",713.11,3042,0.4,0.59,0.02,"M-2-V"
9333,"Aquilan Cipher",4.47,2954,0.4,0.02,0.07,"M-5-V"
3178,"Atria",2.5461299,2452,0.3,0.67,0.03,"M-7-V"
8114,"Quantum Gaze",414.7,3021,0.3,0.19,0.06,"M-3-V"
2081,"Helixar",592.891,5222,0.9,1.1,0.62,"G-2-V"
6912,"Mjornir",402.042,2900,0.3,0.01,0.02,"M-3-V"
9795,"Cleopatra's Loom",626.4,2969,0.2,0.24,0.03,"M-4-V"
7353,"Altais",113.072,3808,0.6,0.73,0.22,"K-3-V"
7898,"Novaflare",137.18,4430,0.5,0.8,0.47,"K-0-V"
2149,"Xihe",313.87,2521,0.3,0.06,0.05,"M-5-V"
4561,"Ebon Crypt",145.701,4157,0.5,0.9,0.36,"K-0-V"
2488,"Cebalrai",141,2909,0.4,0.61,0.04,"M-5-V"
3986,"Spectral Threshold",122.2,2831,0.4,0.23,0.07,"M-5-V"
6636,"Koi Horizon",1500,2870,0.1,0.57,0.03,"M-3-V"
3639,"Astromara",513.107,2959,0.1,0.62,0.01,"M-5-V"
5665,"Mebsuta",303,3023,0.4,0.52,0.07,"M-1-V"
607,"Ketsueki Whispers",2152.57,3793,0.6,0.94,0.42,"K-7-V"
